,name,sfx,gfx,grid,vfx,grid2,times,xsize,info,mp_cost,effects,effects_ratio,effects_target,damage,damage_target,category,element
guard,凝神,恢复,,0,guard_img,60.0,10,1.75,恢复50%已损失能量（MP）值。,0,充能,empty:0,empty,0.0,self,Recharge,

guard_spt,蓄能,恢复,,0,guard_spt_img,60.0,10,1.75,恢复50%已损失能量（MP）值，同时为队伍所有角色附加一层“义”。,0,充能,empty:0,empty,0.0,self,Recharge,

psychokinesis,念动力场,念动力场,,16,psychokinesis_img,60.0,14,0.8,依靠强大的精神力操控念波，掀起冲击波攻击敌方目标，造成攻击100%物理伤害。|依靠强大的精神力操控念波，掀起冲击波攻击敌方目标，造成攻击105%物理伤害。|依靠强大的精神力操控念波，掀起冲击波攻击敌方目标，造成攻击110%物理伤害。|依靠强大的精神力操控念波，掀起冲击波攻击敌方目标，造成攻击115%物理伤害。|依靠强大的精神力操控念波，掀起冲击波攻击敌方目标，造成攻击125%物理伤害。,0,伤害,empty:0,empty,1.0:1.05:1.10:1.15:1.25,single,General_attack,physical:physical:physical:physical:physical

psychokinesis_ex,念动力场,念动力场,,16,psychokinesis_img,60.0,14,0.8,依靠强大的精神力操控念波，掀起冲击波攻击敌方目标，造成攻击150%物理伤害。,-30,伤害,empty:0,empty,1.5,single,General_attack,physical

psychokinesis_ex_sfire,念动力场-火,念动力场,,16,psychokinesis_fire_img,60.0,14,0.8,依靠强大的精神力操控念波，掀起冲击波攻击敌方目标，造成攻击150%火元素伤害。,-30,伤害,empty:0,empty,1.5,single,General_attack,fire

psychokinesis_ex_slight,念动力场-雷,念动力场,,16,psychokinesis_light_img,60.0,14,0.8,依靠强大的精神力操控念波，掀起冲击波攻击敌方目标，造成攻击150%雷元素伤害。,-30,伤害,empty:0,empty,1.5,single,General_attack,light

psychokinesis_ex_swater,念动力场-水,念动力场,,16,psychokinesis_water_img,60.0,14,0.8,依靠强大的精神力操控念波，掀起冲击波攻击敌方目标，造成攻击150%水元素伤害。,-30,伤害,empty:0,empty,1.5,single,General_attack,water

psychokinesis_ex_sice,念动力场-冰,念动力场,,16,psychokinesis_ice_img,60.0,14,0.8,依靠强大的精神力操控念波，掀起冲击波攻击敌方目标，造成攻击150%冰元素伤害。,-30,伤害,empty:0,empty,1.5,single,General_attack,ice

psychokinesis_ex_srock,念动力场-岩,念动力场,,16,psychokinesis_rock_img,60.0,14,0.8,依靠强大的精神力操控念波，掀起冲击波攻击敌方目标，造成攻击150%岩元素伤害。,-30,伤害,empty:0,empty,1.5,single,General_attack,rock

psychokinesis_ex_swind,念动力场-风,念动力场,,16,psychokinesis_wind_img,60.0,14,0.8,依靠强大的精神力操控念波，掀起冲击波攻击敌方目标，造成攻击150%风元素伤害。,-30,伤害,empty:0,empty,1.5,single,General_attack,wind

psychokinesis_ex_fire,念动力场-火,念动力场,,16,psychokinesis-fire_img,60.0,19,0.8,依靠强大的精神力操控念波，掀起冲击波攻击敌方目标，造成攻击150%火元素伤害。,-30,伤害,empty:0,empty,1.5,single,General_attack,fire

psychokinesis_ex_firem,念动力场-火,念动力场,,16,psychokinesis-fire_img,60.0,19,0.8,依靠强大的精神力操控念波，掀起冲击波攻击敌方目标，对敌方全体造成攻击150%火元素伤害。,-30,伤害,empty:0,empty,1.5,AOE,General_attack,fire

psychokinesis_ex_waterm,念动力场-水,念动力场,,16,psychokinesis-water_img,60.0,14,0.8,依靠强大的精神力操控念波，掀起冲击波攻击敌方目标，对敌方全体造成攻击150%水元素伤害。,-30,伤害,empty:0,empty,1.5,AOE,General_attack,water

psychokinesis_ex_lightm,念动力场-雷,念动力场,,16,psychokinesis-light_img,60.0,19,0.8,依靠强大的精神力操控念波，掀起冲击波攻击敌方目标，对敌方全体造成攻击150%雷元素伤害。,-30,伤害,empty:0,empty,1.5,AOE,General_attack,light

psychokinesis_ex_icem,念动力场-冰,念动力场,,16,psychokinesis-ice_img,60.0,14,0.8,依靠强大的精神力操控念波，掀起冲击波攻击敌方目标，对敌方全体造成攻击150%冰元素伤害。,-30,伤害,empty:0,empty,1.5,AOE,General_attack,ice

psychokinesis_ex_windm,念动力场-风,念动力场,,16,psychokinesis-wind_img,60.0,14,0.8,依靠强大的精神力操控念波，掀起冲击波攻击敌方目标，对敌方全体造成攻击150%风元素伤害。,-30,伤害,empty:0,empty,1.5,AOE,General_attack,wind

psychokinesis-fire,念动力场-火,念动力场,,16,psychokinesis-fire_img,60.0,19,0.8,依靠强大的精神力操控念波，掀起冲击波攻击敌方目标，造成攻击100%火元素伤害。|依靠强大的精神力操控念波，掀起冲击波攻击敌方目标，造成攻击105%火元素伤害。|依靠强大的精神力操控念波，掀起冲击波攻击敌方目标，造成攻击110%火元素伤害。|依靠强大的精神力操控念波，掀起冲击波攻击敌方目标，造成攻击115%火元素伤害。|依靠强大的精神力操控念波，掀起冲击波攻击敌方目标，造成攻击125%火元素伤害。,0,伤害,empty:0,empty,1.0:1.05:1.10:1.15:1.25,single,General_attack,fire:fire:fire:fire:fire

psychokinesis-wind,念动力场-风,念动力场,,16,psychokinesis-wind_img,60.0,14,0.8,依靠强大的精神力操控念波，掀起冲击波攻击敌方目标，造成攻击100%风元素伤害。|依靠强大的精神力操控念波，掀起冲击波攻击敌方目标，造成攻击105%风元素伤害。|依靠强大的精神力操控念波，掀起冲击波攻击敌方目标，造成攻击110%风元素伤害。|依靠强大的精神力操控念波，掀起冲击波攻击敌方目标，造成攻击115%风元素伤害。|依靠强大的精神力操控念波，掀起冲击波攻击敌方目标，造成攻击125%风元素伤害。,0,伤害,empty:0,empty,1.0:1.05:1.1:1.15:1.25,single,General_attack,wind:wind:wind:wind:wind

psychokinesis-ice,念动力场-冰,念动力场,,16,psychokinesis-ice_img,60.0,14,0.8,依靠强大的精神力操控念波，掀起冲击波攻击敌方目标，造成攻击100%冰元素伤害。|依靠强大的精神力操控念波，掀起冲击波攻击敌方目标，造成攻击105%冰元素伤害。|依靠强大的精神力操控念波，掀起冲击波攻击敌方目标，造成攻击110%冰元素伤害。|依靠强大的精神力操控念波，掀起冲击波攻击敌方目标，造成攻击115%冰元素伤害。|依靠强大的精神力操控念波，掀起冲击波攻击敌方目标，造成攻击125%冰元素伤害。,0,伤害,empty:0,empty,1.0:1.05:1.1:1.15:1.25,single,General_attack,ice:ice:ice:ice:ice

psychokinesis-water,念动力场-水,念动力场,,16,psychokinesis-water_img,60.0,14,0.8,依靠强大的精神力操控念波，掀起冲击波攻击敌方目标，造成攻击100%水元素伤害。|依靠强大的精神力操控念波，掀起冲击波攻击敌方目标，造成攻击105%水元素伤害。|依靠强大的精神力操控念波，掀起冲击波攻击敌方目标，造成攻击110%水元素伤害。|依靠强大的精神力操控念波，掀起冲击波攻击敌方目标，造成攻击115%水元素伤害。|依靠强大的精神力操控念波，掀起冲击波攻击敌方目标，造成攻击125%水元素伤害。,0,伤害,empty:0,empty,1.0:1.05:1.1:1.15:1.25,single,General_attack,water:water:water:water:water

psychokinesis-light,念动力场-雷,念动力场,,16,psychokinesis-light_img,60.0,14,0.8,依靠强大的精神力操控念波，掀起冲击波攻击敌方目标，造成攻击100%雷元素伤害。|依靠强大的精神力操控念波，掀起冲击波攻击敌方目标，造成攻击105%雷元素伤害。|依靠强大的精神力操控念波，掀起冲击波攻击敌方目标，造成攻击110%雷元素伤害。|依靠强大的精神力操控念波，掀起冲击波攻击敌方目标，造成攻击115%雷元素伤害。|依靠强大的精神力操控念波，掀起冲击波攻击敌方目标，造成攻击125%雷元素伤害。,0,伤害,empty:0,empty,1.0:1.05:1.1:1.15:1.25,single,General_attack,light:light:light:light:light

psychokinesis-rock,念动力场-岩,念动力场,,16,psychokinesis-rock_img,60.0,14,0.8,依靠强大的精神力操控念波，掀起冲击波攻击敌方目标，造成攻击100%岩元素伤害。|依靠强大的精神力操控念波，掀起冲击波攻击敌方目标，造成攻击105%岩元素伤害。|依靠强大的精神力操控念波，掀起冲击波攻击敌方目标，造成攻击110%岩元素伤害。|依靠强大的精神力操控念波，掀起冲击波攻击敌方目标，造成攻击115%岩元素伤害。|依靠强大的精神力操控念波，掀起冲击波攻击敌方目标，造成攻击125%岩元素伤害。,0,伤害,empty:0,empty,1.0:1.05:1.1:1.15:1.25,single,General_attack,rock:rock:rock:rock:rock

aiyi_combat,温柔的祝福,温柔的祝福,,42,aiyi_combat_img,120.0,6,1.5,献祭自身20%当前生命，为全体友方各驱散1个减益或控制效果并提升其10点速度，持续1回合；若被驱散的是控制效果，则为该角色恢复15点能量并提升40%效果抵抗。|献祭自身18%当前生命，为全体友方各驱散1个减益或控制效果并提升其10点速度，持续1回合；若被驱散的是控制效果，则为该角色恢复15点能量并提升40%效果抵抗。|献祭自身16%当前生命，为全体友方各驱散2个减益或控制效果并提升其10点速度，持续1回合；若被驱散的是控制效果，则为该角色恢复15点能量并提升40%效果抵抗。|献祭自身14%当前生命，为全体友方各驱散2个减益或控制效果并提升其15点速度，持续2回合；若被驱散的是控制效果，则为该角色恢复15点能量并提升40%效果抵抗。|献祭自身12%当前生命，为全体友方各驱散2个减益或控制效果并提升其15点速度，持续2回合；若被驱散的是控制效果，则为该角色恢复15点能量并提升40%效果抵抗和获得20%行动提前。,-15,驱散|增益,empty:0|empty:0,empty|empty,0.0,ally,Combat_skills,

aiyi_passive,爱意绵延,,,0,,0.0,0,1.0,每次敌方回合结束后，若自身未处于控制效果影响下，则有15%概率随机为任一友方单位驱散1个减益或控制状态，并有50%概率为其清除元素附着。|每次敌方回合结束后，若自身未处于控制效果影响下，则有20%概率随机为任一友方单位驱散1个减益或控制状态，并有50%概率为其清除元素附着。|每次敌方回合结束后，若自身未处于控制效果影响下，则有25%概率随机为任一友方单位驱散1个减益或控制状态，并有50%概率为其清除元素附着。|每次敌方回合结束后，若自身未处于控制效果影响下，则有30%概率随机为任一友方单位驱散1个减益或控制状态，并有50%概率为其清除元素附着。|每次敌方回合结束后，若自身未处于控制效果影响下，则有30%概率随机为任一友方单位驱散2个减益或控制状态，并有50%概率为其清除元素附着。,0,特殊|驱散,empty:0|empty:0,empty|empty,0.0,single_ally,Passive,

aiyi_breakout,预知未来,预知未来,,33,aiyi_breakout_img,90.0,18,1.0,用强烈的意念感应未知的风险，使场上的友方全体增加30%行动条并提升20%攻击和30%效果命中，持续1回合。|用强烈的意念感应未知的风险，使场上的友方全体增加30%行动条并提升30%攻击和40%效果命中，持续1回合。|用强烈的意念感应未知的风险，使场上的友方全体增加30%行动条并提升40%攻击和50%效果命中，持续1回合。|用强烈的意念感应未知的风险，使场上的友方全体增加30%行动条并提升40%攻击和50%效果命中，持续2回合。|用强烈的意念感应未知的风险，使场上的友方全体增加30%行动条并提升40%攻击和50%效果命中，持续2回合。施放过后行动条最靠前的我方角色获得额外20%攻击加成。,-35,拉条|强攻|命中,0.3:0|0.2:1@0.3:1@0.4:1@0.4:2@0.4:2|0.3:1@0.4:1@0.5:1@0.5:2@0.5:2,order|extend_attack|effect_hitrate,0.0,ally,Break_out,

lhx_combat,魂之殇,魂之殇,,26,lhx_combat_img,150.0,12,1.2,记录我方场上所有队友以及所选择的敌方目标当前生命比例，并降低自身与敌方目标30点速度，持续1回合。若下回合“立花希”行动开始时双方角色均未阵亡，且我方有角色所记录的生命比例小于记录的生命比例，则将该角色的生命恢复至该记录数值比例，最大回复量不超过“立花希”自身生命上限的25%。|记录我方场上所有队友以及所选择的敌方目标当前生命比例，并降低敌方目标30点速度，持续1回合。若下回合“立花希”行动开始时双方角色均未阵亡，且我方有角色所记录的生命比例小于记录的生命比例，则将该角色的生命恢复至该记录数值比例，最大回复量不超过“立花希”自身生命上限的25%。|记录我方场上所有队友以及所选择的敌方目标当前生命比例，并降低敌方目标30点速度，持续1回合。若下回合“立花希”行动开始时双方角色均未阵亡，且我方有角色所记录的生命比例小于记录的生命比例，则将该角色的生命恢复至该记录数值比例，最大回复量不超过“立花希”自身生命上限的35%。|记录我方场上所有队友以及所选择的敌方目标当前生命比例，并降低敌方目标30点速度，持续1回合。若下回合“立花希”行动开始时双方角色均未阵亡，且我方有角色所记录的生命比例小于记录的生命比例，则将该角色的生命恢复至该记录数值比例，最大回复量不超过“立花希”自身生命上限的45%。|记录我方场上所有队友以及所选择的敌方目标当前生命比例，并降低敌方目标30点速度，持续1回合。若下回合“立花希”行动开始时双方角色均未阵亡，且我方有角色所记录的生命比例小于记录的生命比例，则将该角色的生命恢复至该记录数值比例，最大回复量不超过“立花希”自身生命上限的55%。,-60,特殊,empty:0,empty,0.0,single,Combat_skills,

lhx_combat_1,魂之殇,魂之殇,,26,lhx_combat_1_img,120.0,7,1.2,魂殇动画2段,0,特殊,empty:0,empty,0.0,single,Combat_skills,

lhx_passive,再会之音,,,0,,0.0,0,50,处于“咒”状态下的“立花希”受到伤害时，有10%概率降低“接触”效果对应敌方目标100点防御力，持续1回合；另一方面当处于“咒”状态下的敌方单位受到伤害时，有10%概率为“立花希”附加1层风元素护盾，其数值等同于此次伤害的50%，最高不超过“立花希”生命上限的12%，持续1回合。|处于“咒”状态下的“立花希”受到伤害时，有13%概率降低“接触”效果对应敌方目标100点防御力，持续1回合；另一方面当处于“咒”状态下的敌方单位受到伤害时，有13%概率为“立花希”附加1层风元素护盾，其数值等同于此次伤害的50%，最高不超过“立花希”生命上限的12%，持续1回合。|处于“咒”状态下的“立花希”受到伤害时，有16%概率降低“接触”效果对应敌方目标100点防御力，持续1回合；另一方面当处于“咒”状态下的敌方单位受到伤害时，有16%概率为“立花希”附加1层风元素护盾，其数值等同于此次伤害的50%，最高不超过“立花希”生命上限的12%，持续1回合。|处于“咒”状态下的“立花希”受到伤害时，有20%概率降低“接触”效果对应敌方目标100点防御力，持续1回合；另一方面当处于“咒”状态下的敌方单位受到伤害时，有20%概率为“立花希”附加1层风元素护盾，其数值等同于此次伤害的50%，最高不超过“立花希”生命上限的12%，持续1回合。|处于“咒”状态下的“立花希”受到伤害时，有20%概率降低“接触”效果对应敌方目标150点防御力，持续1回合；另一方面当处于“咒”状态下的敌方单位受到伤害时，有20%概率为“立花希”附加1层风元素护盾，其数值等同于此次伤害的100%，最高不超过“立花希”生命上限的18%，持续1回合。,0,特殊,empty:0,empty,0.0,AOE|self,Passive,

lhx_breakout,接触感应,接触感应,,29,lhx_breakout_img,120.0,5,1.0,激活强大的感官灵能控制对方思维，为自身与敌方目标附加1层无法驱散的“咒”效果进入“接触”状态。当立花希自身受到伤害时，对共同持有“咒”的敌方单位造成50%的传导伤害（不会触发被动或装备4件套效果），持续2回合。|激活强大的感官灵能控制对方思维，为自身与敌方目标附加1层无法驱散的“咒”效果进入“接触”状态。当立花希自身受到伤害时，对共同持有“咒”的敌方单位造成60%的传导伤害（不会触发被动或装备4件套效果），持续2回合。|激活强大的感官灵能控制对方思维，为自身与敌方目标附加1层无法驱散的“咒”效果进入“接触”状态。当立花希自身受到伤害时，对共同持有“咒”的敌方单位造成70%的传导伤害（不会触发被动或装备4件套效果），持续2回合。|激活强大的感官灵能控制对方思维，为自身与敌方目标附加1层无法驱散的“咒”效果进入“接触”状态。当立花希自身受到伤害时，对共同持有“咒”的敌方单位造成80%的传导伤害（不会触发被动或装备4件套效果），持续2回合。|激活强大的感官灵能控制对方思维，为自身与敌方目标附加1层无法驱散的“咒”效果进入“接触”状态。当立花希自身受到伤害时，对共同持有“咒”的敌方单位造成100%的传导伤害（不会触发被动或装备4件套效果），持续2回合。同时有12%固定概率降低目标20%治疗效果和护盾强效，持续1回合。,-25,特殊,empty:0,empty,0.0,single,Break_out,

lingyin_combat,降魔诛乱,,,20,,0.0,0,1.0,凝聚灵力发动星天宫封印秘术，以陨铁附着的灵纹发起攻击，对敌方全体造成3次攻击53%物理伤害，最后对选中的敌方目标造成108%风元素伤害。|凝聚灵力发动星天宫封印秘术，以陨铁附着的灵纹发起攻击，对敌方全体造成3次攻击65%物理伤害，最后对选中的敌方目标造成123%风元素伤害。|凝聚灵力发动星天宫封印秘术，以陨铁附着的灵纹发起攻击，对敌方全体造成3次攻击77%物理伤害，最后对选中的敌方目标造成148%风元素伤害。|凝聚灵力发动星天宫封印秘术，以陨铁附着的灵纹发起攻击，对敌方全体造成3次攻击89%物理伤害，最后对选中的敌方目标造成153%风元素伤害。|凝聚灵力发动星天宫封印秘术，以陨铁附着的灵纹发起攻击，对敌方全体造成3次攻击93%物理伤害，最后对选中的敌方目标造成178%风元素伤害。对“鬼”、“神”、“天使”造成的伤害额外增加30%。,-45,伤害,empty:0,empty,0.53:0.65:0.77:0.89:0.93|0.53:0.65:0.77:0.89:0.93|0.53:0.65:0.77:0.89:0.93|1.08:1.23:1.48:1.53:1.78,special,Combat_skills,physical:physical:physical:physical:physical|physical:physical:physical:physical:physical|physical:physical:physical:physical:physical|wind:wind:wind:wind:wind

lingyin_combat_1,降魔诛乱_1,降魔诛乱_1,,20,lingyin_combat_1_img,165.0,15,1.0,技能一段|技能一段|技能一段|技能一段|技能一段,-45,伤害,empty:0,empty,0.53:0.65:0.77:0.89:0.93|0.53:0.65:0.77:0.89:0.93|0.53:0.65:0.77:0.89:0.93,AOE,Combat_skills,physical:physical:physical:physical:physical|physical:physical:physical:physical:physical|physical:physical:physical:physical:physical

lingyin_combat_2,降魔诛乱_2,降魔诛乱_2,,20,lingyin_combat_2_img,120.0,13,0.7,技能二段|技能二段|技能二段|技能二段|技能二段,-45,伤害,empty:0,empty,1.08:1.23:1.48:1.53:1.78,single,Combat_skills,wind:wind:wind:wind:wind

lingyin_passive,天宫罗阵,,,0,,0.0,0,1.0,每次我方其他角色攻击阶段结束后，若“铃音”未处于无法行动状态则有20%概率触发“协战”，立刻对选中的目标追加1次普攻。|每次我方其他角色攻击阶段结束后，若“铃音”未处于无法行动状态则有25%概率触发“协战”，立刻对选中的目标追加1次普攻。|每次我方其他角色攻击阶段结束后，若“铃音”未处于无法行动状态则有30%概率触发“协战”，立刻对选中的目标追加1次普攻。|每次我方其他角色攻击阶段结束后，若“铃音”未处于无法行动状态则有35%概率触发“协战”，立刻对选中的目标追加1次普攻。|每次我方其他角色攻击阶段结束后，若“铃音”未处于无法行动状态则有40%概率触发“协战”，立刻对选中的目标追加1次普攻。,0,协战,empty:0,empty,0.0,self,Passive,

lingyin_breakout,远隔透视,远隔透视,,34,lingyin_breakout_img,120.0,17,1.0,提前洞察对方行动，使场上的全体友方单位提升15%攻击、40点元素精通持续2回合，并击退敌方全体10%行动条。|提前洞察对方行动，使场上的全体友方单位提升20%攻击、60点元素精通持续2回合，并击退敌方全体20%行动条。|提前洞察对方行动，使场上的全体友方单位提升25%攻击、80点元素精通持续2回合，并击退敌方全体30%行动条。|提前洞察对方行动，使场上的全体友方单位提升30%攻击、120点元素精通持续2回合，并击退敌方全体40%行动条。|提前洞察对方行动，使场上的全体友方单位提升30%攻击、120点元素精通持续2回合，并击退敌方全体40%行动条，并驱散所有增益效果。,-50,群体推条|强攻|精通,0.1:0@0.2:0@0.3:0@0.4:0@0.4:0|0.15:2@0.2:2@0.25:2@0.3:2@0.35:2|40:2@60:2@80:2@120:2@120:2,order|extend_attack|elemental_mastery,0.0,ally,Break_out,

liuli_combat,不知火,不知火,,26,liuli_combat_img,90.0,15,1.0,利用灵压操控大气中的温度，对敌方目标造成263%火元素伤害，对生命比例高于80%的目标，此次伤害倍率降低15%。|利用灵压操控大气中的温度，对敌方目标造成276%火元素伤害，对生命比例高于80%的目标，此次伤害倍率降低15%。|利用灵压操控大气中的温度，对敌方目标造成276%火元素伤害，对生命比例高于80%的目标，此次伤害倍率降低15%。对生命的比例低于50%的目标，伤害提升15%。|利用灵压操控大气中的温度，对敌方目标造成289%火元素伤害，对生命比例高于80%的目标，此次伤害倍率降低15%。对生命的比例低于50%的目标，伤害提升15%。|利用灵压操控大气中的温度，对敌方目标造成289%火元素伤害，对生命比例高于80%的目标，此次伤害倍率降低15%。对生命的比例低于50%的目标，伤害提升15%。若自身生命比例低于10%，则额外免能量释放一次“冥火”。,-45,伤害,empty:0,empty,2.63:2.76:2.76:2.89:2.89,single,Combat_skills,fire:fire:fire:fire:fire

liuli_passive,精准掌握,,,0,,0.0,0,1.0,普攻之后有20%概率附加一段攻击60%火元素伤害。在施放“不知火”时，有30%概率降低目标25%火元素伤害抗性和50点元素精通，持续2回合。在施放“冥火”时，有8%固定概率使目标眩晕1回合。|普攻之后有25%概率附加一段攻击60%火元素伤害。在施放“不知火”时，有30%概率降低目标30%火元素伤害抗性和50点元素精通，持续2回合。在施放“冥火”时，有10%固定概率使目标眩晕1回合。|普攻之后有30%概率附加一段攻击60%火元素伤害。在施放“不知火”时，有30%概率降低目标30%火元素伤害抗性和70点元素精通，持续2回合。在施放“冥火”时，有12%固定概率使目标眩晕1回合。|普攻之后有30%概率附加一段攻击80%火元素伤害。在施放“不知火”时，有30%概率降低目标35%火元素伤害抗性和80点元素精通，持续2回合。在施放“冥火”时，有15%固定概率使目标眩晕1回合。|普攻之后有30%概率附加一段攻击100%火元素伤害。在施放“不知火”时，有30%概率降低目标35%火元素伤害抗性和80点元素精通，持续2回合。在施放“冥火”时，有15%固定概率使目标眩晕1回合。,0,特殊|减益,empty:0|empty:0,empty|empty,0.0,self,Passive,

liuli_breakout,冥火,冥火,,54,liuli_breakout_img,100.0,14,1.0,释放强烈的火焰攻击对手，对敌方全体造成攻击131%火元素伤害，对生命比例低于50%的目标，此次伤害倍率降低15%。|释放强烈的火焰攻击对手，对敌方全体造成攻击138%火元素伤害，对生命比例低于50%的目标，此次伤害倍率降低15%。|释放强烈的火焰攻击对手，对敌方全体造成攻击138%火元素伤害，对生命比例低于50%的目标，此次伤害倍率降低15%。对生命比例高于80%的目标，伤害提升15%。|释放强烈的火焰攻击对手，对敌方全体造成攻击145%火元素伤害，对生命比例低于50%的目标，此次伤害倍率降低15%。对生命比例高于80%的目标，伤害提升15%。|释放强烈的火焰攻击对手，对敌方全体造成攻击145%火元素伤害，对生命比例低于50%的目标，此次伤害倍率降低15%。对生命比例高于80%的目标，伤害提升15%。若自身生命比例低于10%，则额外免能量释放一次“不知火”。,-45,伤害,empty:0,empty,1.31:1.38:1.38:1.45:1.45,AOE,Break_out,fire:fire:fire:fire:fire

lst_combat,星空梦影,星空梦影,,40,lst_combat_img,120.0,20,1.0,开启持续1回合的星空结界，期间场上所有友方单位获得“星桥”吸收15%直接伤害（不包括元素反应伤害和间接伤害），同时使得下一次的伤害减免10%。|开启持续1回合的星空结界，期间场上所有友方单位获得“星桥”吸收20%直接伤害（不包括元素反应伤害和间接伤害），同时使得下一次的伤害减免15%。|开启持续1回合的星空结界，期间场上所有友方单位获得“星桥”吸收25%直接伤害（不包括元素反应伤害和间接伤害），同时使得下一次的伤害减免20%。|开启持续1回合的星空结界，期间场上所有友方单位获得“星桥”吸收30%直接伤害（不包括元素反应伤害和间接伤害），同时使得下一次的伤害减免25%。|开启持续2回合的星空结界，期间场上所有友方单位获得“星桥”吸收30%直接伤害（不包括元素反应伤害和间接伤害），同时使得下一次的伤害减免30%。,-30,特殊|减伤,empty:0|0.35:0,empty|empty,0.0,ally,Combat_skills,

lst_passive,守护誓约,,,0,,0.0,0,1.0,处于“星桥”影响下的友方单位受到伤害时，降低施术者10%攻击力和20%暴击率，持续1回合。“雷亚”在受到致命伤害时进入“架星之梦”形态，以100%生命重生并提升30%暴击率直至再次死亡。（一场战斗只会触发一次）|处于“星桥”影响下的友方单位受到伤害时，降低施术者15%攻击力和30%暴击率，持续1回合。“雷亚”在受到致命伤害时进入“架星之梦”形态，以100%生命重生并提升30%暴击率直至再次死亡。（一场战斗只会触发一次）|处于“星桥”影响下的友方单位受到伤害时，降低施术者15%攻击力和30%暴击率，持续1回合。若队友生命值低于上限的30%时，则雷亚将为其承担该次伤害。“雷亚”在受到致命伤害时进入“架星之梦”形态，以100%生命重生并提升30%暴击率直至再次死亡。（一场战斗只会触发一次）|处于“星桥”影响下的友方单位受到伤害时，提升10点速度和20%效果抵抗，同时降低施术者15%攻击力和30%暴击率，持续1回合。若队友生命值低于上限的30%时，则雷亚将为其承担该次伤害。“雷亚”在受到致命伤害时进入“架星之梦”形态，以100%生命重生并提升30%暴击率直至再次死亡。（一场战斗只会触发一次）|处于“星桥”影响下的友方单位受到伤害时，提升20点速度和30%效果抵抗，同时降低施术者15%攻击力和30%暴击率，持续1回合。若队友生命值低于上限的30%时，则雷亚将为其承担该次伤害。“雷亚”在受到致命伤害时进入“架星之梦”形态，以100%生命重生并提升30%暴击率直至再次死亡。（一场战斗只会触发一次）,0,特殊|减伤,empty:0|empty:0,empty|empty,0.0,single_ally,Passive,

lst_breakout_1,空间跳跃,星空梦影,,40,,0.0,0,1.0,永久提升60点速度。主动施放：立刻施放“星空梦影”，并展开能提升友方全体10%攻击、20点速度和10%全属性伤害减免的结界持续1回合。结界中的友方在其回合进行普攻时，有50%概率对同一目标再额外追加一次普攻。进入“架星之梦”状态时，技能替换为“星陨离殇”，等级随“空间跳跃”技能强化。|永久提升60点速度。主动施放：立刻施放“星空梦影”，并展开能提升友方全体10%攻击、20点速度和10%全属性伤害减免的结界持续1回合。结界中的友方在其回合进行普攻时，有50%概率对同一目标再额外追加一次普攻。额外普攻无视150防御并附带20%吸血。进入“架星之梦”状态时，技能替换为“星陨离殇”，等级随“空间跳跃”技能强化。|永久提升60点速度。主动施放：立刻施放“星空梦影”，并展开能提升友方全体15%攻击、25点速度和15%全属性伤害减免的结界持续1回合。结界中的友方在其回合进行普攻时，有50%概率对同一目标再额外追加一次普攻。额外普攻无视150防御并附带30%吸血。进入“架星之梦”状态时，技能替换为“星陨离殇”，等级随“空间跳跃”技能强化。|永久提升60点速度。主动施放：立刻施放“星空梦影”，并展开能提升友方全体15%攻击、25点速度和15%全属性伤害减免的结界持续1回合。结界中的友方在其回合进行普攻时，有100%概率对同一目标再额外追加一次普攻。额外普攻无视150防御并附带40%吸血。进入“架星之梦”状态时，技能替换为“星陨离殇”，等级随“空间跳跃”技能强化。|永久提升60点速度。主动施放：立刻施放“星空梦影”，并展开能提升友方全体15%攻击、25点速度和15%全属性伤害减免的结界持续2回合。结界中的友方在其回合进行普攻时，有100%概率对同一目标再额外追加一次普攻。额外普攻无视150防御并附带40%吸血。进入“架星之梦”状态时，技能替换为“星陨离殇”，等级随“空间跳跃”技能强化。【先机】：施放“空间跳跃”,-60,特殊|减伤|增益,empty:0|empty:0|empty:0,empty|empty|empty,0.0,special,Break_out,

lst_breakout_1_1,空间跳跃,星空梦影,,40,,0.0,0,1.0,增益阶段|增益阶段|增益阶段|增益阶段|增益阶段,-60,强攻|属性抗效|加速,0.1:1@0.1:1@0.15:1@0.15:1@0.15:2|0.1/0.1/0.1/0.1/0.1/0.1/0.1:1@0.1/0.1/0.1/0.1/0.1/0.1/0.1:1@0.15/0.15/0.15/0.15/0.15/0.15/0.15:1@0.15/0.15/0.15/0.15/0.15/0.15/0.15:1@0.15/0.15/0.15/0.15/0.15/0.15/0.15:2|20:1@20:1@25:1@25:1@25:2,extend_attack|speed|element_resistance,0.0,ally,Break_out,

lst_breakout_2,星陨离殇,,,10,,0.0,0,1.0,跨越时空的守望，凝结空气中的水气发起攻击，对敌方全体造成攻击125%冰元素伤害。每剩余10点能量对额外1名随机敌方目标造成攻击46%冰元素伤害。|跨越时空的守望，凝结空气中的水气发起攻击，对敌方全体造成攻击132%冰元素伤害。每剩余10点能量对额外1名随机敌方目标造成攻击49%冰元素伤害。|跨越时空的守望，凝结空气中的水气发起攻击，对敌方全体造成攻击138%冰元素伤害。每剩余10点能量对额外1名随机敌方目标造成攻击52%冰元素伤害。|跨越时空的守望，凝结空气中的水气发起攻击，对敌方全体造成攻击144%冰元素伤害。每剩余10点能量对额外1名随机敌方目标造成攻击55%冰元素伤害。|跨越时空的守望，凝结空气中的水气发起攻击，对敌方全体造成攻击144%冰元素伤害。每剩余5点能量对额外1名随机敌方目标造成攻击55%冰元素伤害。,-40,伤害,empty:0,empty,1.25:1.32:1.38:1.44:1.44|0.46:0.49:0.52:0.55:0.55,special,Break_out,ice:ice:ice:ice:ice|ice:ice:ice:ice:ice

lst_breakout_2_1,星陨离殇_1,星陨离殇_1,,28,lst_breakout_2_1_img,90.0,12,1.0,AOE伤害阶段|AOE伤害阶段|AOE伤害阶段|AOE伤害阶段|AOE伤害阶段,-40,伤害,empty:0,empty,1.25:1.32:1.38:1.44:1.44,AOE,Break_out,ice:ice:ice:ice:ice

lst_breakout_2_2,星陨离殇_2,星陨离殇_2,,10,lst_breakout_2_2_img,60.0,8,1.0,追加伤害阶段|追加伤害阶段|追加伤害阶段|追加伤害阶段|追加伤害阶段,-40,伤害,empty:0,empty,0.46:0.49:0.52:0.55:0.55,single,Break_out,ice:ice:ice:ice:ice

qcls_combat,福祸相生,福祸相生,,26,qcls_combat_img,130.0,15,1.2,攻击敌方目标3次，每次造成72%雷元素伤害。若开启封印结界则在攻击结束后附加一次对敌方全体82%的雷元素范围伤害。在无结界施放的情况下，每次造成伤害时有20%的概率获得一层“鬼面”。|攻击敌方目标3次，每次造成75%雷元素伤害。若开启封印结界则在攻击结束后附加一次对敌方全体85%的雷元素范围伤害。在无结界施放的情况下，每次造成伤害时有30%的概率获得一层“鬼面”。|攻击敌方目标3次，每次造成78%雷元素伤害。若开启封印结界则在攻击结束后附加一次对敌方全体88%的雷元素范围伤害。在无结界施放的情况下，每次造成伤害时有40%的概率获得一层“鬼面”。|攻击敌方目标3次，每次造成81%雷元素伤害。若开启封印结界则在攻击结束后附加一次对敌方全体91%的雷元素范围伤害。在无结界施放的情况下，每次造成伤害时有50%的概率获得一层“鬼面”。|攻击敌方目标3次，每次造成84%雷元素伤害。若开启封印结界则在攻击结束后附加一次对敌方全体94%的雷元素范围伤害。在无结界施放的情况下，每次造成伤害时有60%的概率获得一层“鬼面”。,-40,伤害,empty:0,empty,0.72:0.75:0.78:0.81:0.84|0.72:0.75:0.78:0.81:0.84|0.72:0.75:0.78:0.81:0.84,single,Combat_skills,light:light:light:light:light|light:light:light:light:light|light:light:light:light:light

qcls_combat_1,福祸相生_1,福祸相生_1,,40,qcls_combat_1_img,100.0,18,1.3,AOE伤害阶段|AOE伤害阶段|AOE伤害阶段|AOE伤害阶段|AOE伤害阶段,-40,伤害,empty:0,empty,0.82:0.85:0.88:0.91:0.94,AOE,Combat_skills,light:light:light:light:light

qcls_passive,积重鬼怨,,,0,,0.0,0,1.0,战斗过程中，若敌方技能造成暴击时有40%概率获得1层“鬼面”，AOE技能最多只触发一次。当携带的“鬼面”达到9层上限时，解除自身所有控制效果并增加35%行动条。（开启“封印结界”后将无法获得“鬼面”）|战斗过程中，若敌方技能造成暴击时有50%概率获得1层“鬼面”，AOE技能最多只触发一次。当携带的“鬼面”达到9层上限时，解除自身所有控制效果并增加35%行动条。（开启“封印结界”后将无法获得“鬼面”）|战斗过程中，若敌方技能造成暴击时有60%概率获得1层“鬼面”，AOE技能最多只触发一次。当携带的“鬼面”达到9层上限时，解除自身所有控制效果并增加35%行动条。（开启“封印结界”后将无法获得“鬼面”）|战斗过程中，若敌方技能造成暴击时有70%概率获得1层“鬼面”，AOE技能最多只触发一次。当携带的“鬼面”达到9层上限时，解除自身所有控制效果并增加35%行动条。（开启“封印结界”后将无法获得“鬼面”）|【先机】战斗开始时获得6层“鬼面”。战斗过程中，若敌方技能造成暴击时有80%概率获得1层“鬼面”。当携带的“鬼面”达到9层上限时，解除自身所有控制效果并增加35%行动条。（开启“封印结界”后将无法获得“鬼面”）,0,特殊,empty:0,empty,0.0,self,Passive,

qcls_breakout,虚无,虚无,,36,qcls_breakout_img,90.0,21,1.2,消耗9层“鬼面”，开启附带9个禁断之面的“封印结界”笼罩对手。期间降低敌方全体10%暴击伤害、15%攻击力、20%效果命中，并使其所有的装备4件套效果、被动技能失效。敌方全体的被动技能将被替换为“怨恨祛除”，施放时跳过回合并击碎1个禁断之面。此外每有一个敌方角色行动后自动击碎1个禁断之面。当所有的面具被击碎后解除“封印结界”。（该技能只有在“鬼面”达到9层时才可释放）|消耗9层“鬼面”，开启附带9个禁断之面的“封印结界”笼罩对手。期间降低敌方全体15%暴击伤害、20%攻击力、30%效果命中，并使其所有的装备4件套效果、被动技能失效。敌方全体的被动技能将被替换为“怨恨祛除”，施放时跳过回合并击碎1个禁断之面。此外每有一个敌方角色行动后自动击碎1个禁断之面。当所有的面具被击碎后解除“封印结界”。（该技能只有在“鬼面”达到9层时才可释放）|消耗9层“鬼面”，开启附带9个禁断之面的“封印结界”笼罩对手。期间降低敌方全体20%暴击伤害、25%攻击力、40%效果命中，并使其所有的装备4件套效果、被动技能失效。敌方全体的被动技能将被替换为“怨恨祛除”，施放时跳过回合并击碎1个禁断之面。此外每有一个敌方角色行动后自动击碎1个禁断之面。当所有的面具被击碎后解除“封印结界”。（该技能只有在“鬼面”达到9层时才可释放）|消耗9层“鬼面”，开启附带9个禁断之面的“封印结界”笼罩对手。期间降低敌方全体25%暴击伤害、30%攻击力、50%效果命中、30%治疗效果和护盾强效，并使其所有的装备4件套效果、被动技能失效。敌方全体的被动技能将被替换为“怨恨祛除”，施放时跳过回合并击碎1个禁断之面。此外每有一个敌方角色行动后自动击碎1个禁断之面。当所有的面具被击碎后解除“封印结界”。（该技能只有在“鬼面”达到9层时才可释放）|消耗9层“鬼面”，开启附带9个禁断之面的“封印结界”笼罩对手。期间降低敌方全体30%暴击伤害、35%攻击力、60%效果命中、30%治疗效果和护盾强效，并使其所有的装备4件套效果、被动技能失效。敌方全体的被动技能将被替换为“怨恨祛除”，施放时跳过回合并击碎1个禁断之面。此外每有一个敌方角色行动后自动击碎1个禁断之面。当所有的面具被击碎后解除“封印结界”。（该技能只有在“鬼面”达到9层时才可释放）,0,特殊,empty:0,empty,0.0,self,Break_out,

qcls_breakout_1,怨恨祛除,,,0,,0.0,0,1.0,跳过回合并击碎1个禁断之面。,-10,特殊,empty:0,empty,0.0,self,sPassive,

szl_combat,青影瞬杀阵,青影瞬杀阵,,15,szl_combat_img,120.0,20,1.2,快速挥舞手中的太刀对敌方目标发起3次斩击，每次造成攻击60%雷元素伤害。若处于“空灵”状态时，每次斩击有8%固定概率降低对方20%治疗效果和护盾强效，持续1回合。（多次斩击效果不可叠加）|快速挥舞手中的太刀对敌方目标发起3次斩击，每次造成攻击63%雷元素伤害。若处于“空灵”状态时，每次斩击有10%固定概率降低对方20%治疗效果和护盾强效，持续1回合。（多次斩击效果不可叠加）|快速挥舞手中的太刀对敌方目标发起3次斩击，每次造成攻击66%雷元素伤害。若处于“空灵”状态时，每次斩击有12%固定概率降低对方20%治疗效果和护盾强效，持续1回合。（多次斩击效果不可叠加）|快速挥舞手中的太刀对敌方目标发起3次斩击，每次造成攻击69%雷元素伤害。若处于“空灵”状态时，每次斩击有14%固定概率降低对方20%治疗效果和护盾强效，持续1回合。（多次斩击效果不可叠加）|快速挥舞手中的太刀对敌方目标发起3次斩击，每次造成攻击72%雷元素伤害。若处于“空灵”状态时，每次斩击有16%固定概率降低对方20%治疗效果和护盾强效，持续1回合。（多次斩击效果不可叠加）,-35,伤害|减益,empty:0|0.3:1,empty|empty,0.6:0.63:0.66:0.69:0.72|0.6:0.63:0.66:0.69:0.72|0.6:0.63:0.66:0.69:0.72,single,Combat_skills,light:light:light:light:light|light:light:light:light:light|light:light:light:light:light

szl_combat_1,青影瞬杀阵_1,青影瞬杀阵_1,,21,szl_combat_1_img,90.0,13,1.2,追加斩击|追加斩击|追加斩击|追加斩击|追加斩击,-35,伤害,empty:0,empty,0.6:0.63:0.66:0.69:0.72,single,Combat_skills,light:light:light:light:light

szl_passive,剑术精通,,,0,,0.0,0,1.0,精通居合奥义的人绝不会给对手任何喘息的机会，“青影瞬杀阵”击杀目标后水之濑凛自身增加30%行动条。进入“空灵”状态时施放“青影瞬杀阵”将会追加斩击，每次有20%概率额外附加1次斩击，直到判定失败为止。|精通居合奥义的人绝不会给对手任何喘息的机会，“青影瞬杀阵”击杀目标后水之濑凛自身增加40%行动条。进入“空灵”状态时施放“青影瞬杀阵”将会追加斩击，每次有30%概率额外附加1次斩击，直到判定失败为止。|精通居合奥义的人绝不会给对手任何喘息的机会，“青影瞬杀阵”击杀目标后水之濑凛自身增加50%行动条。进入“空灵”状态时施放“青影瞬杀阵”将会追加斩击，每次有40%概率额外附加1次斩击，直到判定失败为止。|精通居合奥义的人绝不会给对手任何喘息的机会，“青影瞬杀阵”击杀目标后水之濑凛自身提升30%攻击持续1回合，并增加50%行动条。进入“空灵”状态时施放“青影瞬杀阵”将会追加斩击，每次有40%概率额外附加1次斩击，直到判定失败为止。|精通居合奥义的人绝不会给对手任何喘息的机会，“青影瞬杀阵”击杀目标后水之濑凛自身提升30%攻击持续1回合，并增加50%行动条。进入“空灵”状态时施放“青影瞬杀阵”将会追加斩击，每次有50%概率额外附加1次斩击，直到判定失败为止。,0,拉条|强攻|特殊,0.3:0@0.4:0@0.5:0@0.5:0@0.5:0|0.0:1@0.0:1@0.0:1@0.3:1@0.3:1|empty:0,order|extend_attack|empty,0.0,self,Passive,

szl_breakout,幻镜化物,幻镜化物,,34,szl_breakout_img,120.0,18,1.2,从撕裂的虚空间隙中召唤出太刀——雷轰丸，进入持续2回合的“空灵”状态并凝聚强大的雷电之力。立刻获得50%行动提前，期间替换“念动力场”为“念动力场-雷”，且每次造成伤害时有15%固定概率对场上其他任一敌人造成本次斩击伤害150%的间接伤害。|从撕裂的虚空间隙中召唤出太刀——雷轰丸，进入持续2回合的“空灵”状态并凝聚强大的雷电之力。立刻获得50%行动提前，期间替换“念动力场”为“念动力场-雷”，且每次造成伤害时有20%固定概率对场上其他任一敌人造成本次斩击伤害150%的间接伤害。|从撕裂的虚空间隙中召唤出太刀——雷轰丸，进入持续2回合的“空灵”状态并凝聚强大的雷电之力。立刻获得50%行动提前，期间自身进入“霸体”状态并替换“念动力场”为“念动力场-雷”，且每次造成伤害时有25%固定概率对场上其他任一敌人造成本次斩击伤害150%的间接伤害。|从撕裂的虚空间隙中召唤出太刀——雷轰丸，进入持续2回合的“空灵”状态并凝聚强大的雷电之力。立刻获得50%行动提前，期间自身进入“霸体”状态并提升80点元素精通，替换“念动力场”为“念动力场-雷”，且每次造成伤害时有30%固定概率对场上其他任一敌人造成本次斩击伤害150%的间接伤害。|从撕裂的虚空间隙中召唤出太刀——雷轰丸，进入持续2回合的“空灵”状态并凝聚强大的雷电之力。立刻获得50%行动提前，期间自身进入“霸体”状态并提升80点元素精通和60点速度，替换“念动力场”为“念动力场-雷”，且每次造成伤害时有30%概率对场上其他任一敌人造成本次斩击伤害150%的间接伤害。,0,特殊,empty:0,empty,0.0,self,Break_out,

tyt_combat,噗哈哈,噗哈,,30,tyt_combat_img,60.0,29,0.95,开启腹黑属性嘲讽对手，对敌方全体施加30%基础概率的“嘲讽”，持续1回合。|开启腹黑属性嘲讽对手，对敌方全体施加40%基础概率的“嘲讽”，持续1回合。|开启腹黑属性嘲讽对手，对敌方全体施加50%基础概率的“嘲讽”，持续1回合。|开启腹黑属性嘲讽对手，对敌方全体施加50%基础概率的“嘲讽”并使自身获得20%减伤，持续1回合。|开启腹黑属性嘲讽对手，对敌方全体施加50%基础概率的“嘲讽”并使自身获得40%减伤，持续1回合。,-30,嘲讽,0.3:1@0.4:1@0.5:1@0.5:1@0.5:1,empty,0.0,AOE,Combat_skills,

tyt_passive,不可攻略,,,0,,0.0,0,1.0,自身受到伤害时对施术者造成此次伤害10%的间接伤害，被嘲讽单位伤害提升至20%（最高不超过藤原瞳生命上限的10%）；藤原瞳的生命比例每降低25%，则提升50点防御力。|自身受到伤害时提升全体友方单位15%效果抵抗，并对施术者造成此次伤害10%的间接伤害，被嘲讽单位伤害提升至20%（最高不超过藤原瞳生命上限的10%）；藤原瞳的生命比例每降低25%，则提升50点防御力。|自身受到伤害时提升全体友方单位15%效果抵抗，并对施术者造成此次伤害15%的间接伤害，被嘲讽单位伤害提升至25%（最高不超过藤原瞳生命上限的13%）；藤原瞳的生命比例每降低25%，则提升50点防御力。|自身受到伤害时提升全体友方单位15%效果抵抗，并对施术者造成此次伤害15%的间接伤害，被嘲讽单位伤害提升至25%（最高不超过藤原瞳生命上限的13%）；藤原瞳的生命比例每降低25%，则提升50点防御力。|自身受到伤害时提升全体友方单位25%效果抵抗，并对施术者造成此次伤害20%的间接伤害，被嘲讽单位伤害提升至30%（最高不超过藤原瞳生命上限的16%）；藤原瞳的生命比例每降低25%，则提升50点防御力。,0,特殊,empty:0,empty,0.0,self,Passive,

tyt_breakout,催眠,催眠,,32,tyt_breakout_img,90.0,17,1.75,对友方全体施加强烈的暗示，增加70%行动条并提升30%攻击力、10%暴击率、30%暴击伤害和60点元素精通，并获得“霸体”状态持续1回合。增益角色在行动结束后进入1回合不可驱散的“深度沉睡”状态。|对友方全体施加强烈的暗示，增加80%行动条并提升35%攻击力、15%暴击率、35%暴击伤害和70点元素精通，并获得“霸体”状态持续1回合。增益角色在行动结束后进入1回合不可驱散的“深度沉睡”状态。|对友方全体施加强烈的暗示，增加90%行动条并提升40%攻击力、20%暴击率、40%暴击伤害和80点元素精通，并获得“霸体”状态持续1回合。增益角色在行动结束后进入1回合不可驱散的“深度沉睡”状态。|对友方全体施加强烈的暗示，增加100%行动条并提升45%攻击力、25%暴击率、45%暴击伤害和90点元素精通，并获得“霸体”状态持续1回合。增益角色在行动结束后进入1回合不可驱散的“深度沉睡”状态。|对友方全体施加强烈的暗示，增加100%行动条并提升50%攻击力、30%暴击率、50%暴击伤害和100点元素精通，并获得“霸体”状态持续1回合。增益角色在行动结束后进入1回合不可驱散的“深度沉睡”状态。,-35,拉条|强攻|强袭|精通,0.7:0@0.8:0@0.9:0@1.0:0@1.0:0|0.3:1@0.35:1@0.4:1@0.45:1@0.5:1|0.1/0.3:1@0.15/0.35:1@0.2/0.4:1@0.25/0.45:1@0.3/0.5:1|60:1@70:1@80:1@90:1@100:1,order|extend_attack|critical|elemental_mastery,0.0,ally,Break_out,

xfe_combat,芬布尔之冬,芬布尔之冬,,42,xfe_combat_img,60.0,24,1.0,温柔的雪堆积在人们心上，治疗我方场上所有角色生命上限8%的生命值，并使其获得20%的全属性伤害加成，持续1回合。（使用前建议先根据【微量化改造】选择对应的幻彩音律）|温柔的雪堆积在人们心上，治疗我方场上所有角色生命上限10%的生命值，并使其获得23%的全属性伤害加成，持续1回合。（使用前建议先根据【微量化改造】选择对应的幻彩音律）|温柔的雪堆积在人们心上，治疗我方场上所有角色生命上限12%的生命值，并使其获得26%的全属性伤害加成，持续1回合。（使用前建议先根据【微量化改造】选择对应的幻彩音律）|温柔的雪堆积在人们心上，治疗我方场上所有角色生命上限14%的生命值，并使其获得30%的全属性伤害加成，持续1回合。（使用前建议先根据【微量化改造】选择对应的幻彩音律）|温柔的雪堆积在人们心上，治疗我方场上所有角色生命上限16%的生命值，并使其获得35%的全属性伤害加成，持续1回合。（使用前建议先根据【微量化改造】选择对应的幻彩音律）,-35,治疗|属性强效,0.08:0@0.1:0@0.12:0@0.14:0@0.16:0|0.2/0.2/0.2/0.2/0.2/0.2/0.2:2@0.23/0.23/0.23/0.23/0.23/0.23/0.23:2@0.26/0.26/0.26/0.26/0.26/0.26/0.26:2@0.3/0.3/0.3/0.3/0.3/0.3/0.3:2@0.35/0.35/0.35/0.35/0.35/0.35/0.35:2,max_hp|elemental_bonus,0.0,ally,Combat_skills,

xfe_combat_1,樱雪同梦,樱雪同梦,,42,xfe_combat_1_img,110.0,24,1.2,清空自身所有的“羁绊之誓”和能量值，复活我方所有角色，被复活的角色恢复100%生命值和50点能量。同时祛除我方全体未阵亡角色的减益、控制状态和元素附着，并立刻恢复30点能量和50%生命值上限的生命值。,-25,特殊,empty:0,empty,0.0,special,Combat_skills,

xfe_passive,白色永恒,,,0,,0.0,0,1.0,每次我方角色行动前将被赋予4种随机“机缘印记”中的1种，若希菲尔在场且角色当前回合所获得的“机缘印记”与上一位行动的角色相同时，则立刻恢复自身10点能量值并在回合结束前的战斗计算阶段提升20%暴击伤害。|每次我方角色行动前将被赋予4种随机“机缘印记”中的1种，若希菲尔在场且角色当前回合所获得的“机缘印记”与上一位行动的角色相同时，则立刻恢复自身20点能量值并在回合结束前的战斗计算阶段提升30%暴击伤害。|每次我方角色行动前将被赋予4种随机“机缘印记”中的1种，若希菲尔在场且角色当前回合所获得的“机缘印记”与上一位行动的角色相同时，则立刻恢复自身20点能量值并在回合结束前的战斗计算阶段提升30%暴击伤害；与此同时“希菲尔”将获得1层“羁绊之誓”（上限9层），当累积的印记达到3层时，祛除自身所有减益、控制效果和元素附着，并击退敌方全体25%行动条。|每次我方角色行动前将被赋予4种随机“机缘印记”中的1种，若希菲尔在场且角色当前回合所获得的“机缘印记”与上一位行动的角色相同时，则立刻恢复自身20点能量值并在回合结束前的战斗计算阶段提升30%暴击伤害；与此同时“希菲尔”将获得1层“羁绊之誓”（上限9层），当累积的印记达到3层时，祛除自身所有减益、控制效果和元素附着，并击退敌方全体25%行动条；达到6层时，为我方全体恢复生命上限20%的生命值并提升40%攻击，持续1回合。|每次我方角色行动前将被赋予4种随机“机缘印记”中的1种，若希菲尔在场且角色当前回合所获得的“机缘印记”与上一位行动的角色相同时，则立刻恢复自身20点能量值并在回合结束前的战斗计算阶段提升30%暴击伤害；与此同时“希菲尔”将获得1层“羁绊之誓”（上限9层），当累积的印记达到3层时，祛除自身所有减益、控制效果和元素附着，并击退敌方全体25%行动条；达到6层时，为我方全体恢复生命上限20%的生命值并提升40%攻击，持续1回合；达到9层时，技能“芬布尔之冬”替换为“樱雪同梦”。（该效果一场战斗只会触发一次）,0,特殊,empty:0,empty,0.0,self,Passive,

xfe_breakout,微量化改造,,,0,,0.0,0,1.0,【驻场先机】天空开始下起皑皑白雪，战斗开始时为场上的所有敌方角色附加1层冰元素附着。施放：解放天使之力咏唱四季曲律，以所选择的“幻彩音律”强化“芬布尔之冬”，在“芬布尔之冬”技能施放时，除了原有效果外将额外触发相应的效果。|【驻场先机】天空开始下起皑皑白雪，战斗开始时为场上的所有敌方角色附加1层冰元素附着。施放：解放天使之力咏唱四季曲律，以所选择的“幻彩音律”强化“芬布尔之冬”，在“芬布尔之冬”技能施放时，除了原有效果外将额外触发相应的效果。|【驻场先机】天空开始下起皑皑白雪，战斗开始时为场上的所有敌方角色附加1层冰元素附着。施放：解放天使之力咏唱四季曲律，以所选择的“幻彩音律”强化“芬布尔之冬”，在“芬布尔之冬”技能施放时，除了原有效果外将额外触发相应的效果。|【驻场先机】天空开始下起皑皑白雪，战斗开始时为场上的所有敌方角色附加1层冰元素附着。施放：解放天使之力咏唱四季曲律，以所选择的“幻彩音律”强化“芬布尔之冬”，在“芬布尔之冬”技能施放时，除了原有效果外将额外触发相应的效果。|【驻场先机】天空开始下起皑皑白雪，战斗开始时为场上的所有敌方角色附加1层冰元素附着。施放：解放天使之力咏唱四季曲律，以所选择的“幻彩音律”强化“芬布尔之冬”，在“芬布尔之冬”技能施放时，除了原有效果外将额外触发相应的效果。,-15,特殊,empty:0,empty,0.0,special,Break_out,

xfe_breakout_1,虹之律,音律,,14,xfe_breakout_1_img,120.0,10,1.0,对敌方目标造成攻击250%火元素伤害，并降低目标20%火元素伤害抗性，持续1回合。（在“芬布尔之冬”技能施放时，将额外触发该效果）|对敌方目标造成攻击258%火元素伤害，并降低目标25%火元素伤害抗性，持续1回合。（在“芬布尔之冬”技能施放时，将额外触发该效果）|对敌方目标造成攻击266%火元素伤害，并降低目标25%火元素伤害抗性，持续2回合。（在“芬布尔之冬”技能施放时，将额外触发该效果）|对敌方目标造成攻击274%火元素伤害，并降低目标30%火元素伤害抗性，持续2回合。（在“芬布尔之冬”技能施放时，将额外触发该效果）|对敌方目标造成攻击282%火元素伤害，并降低目标35%火元素伤害抗性，持续2回合。（在“芬布尔之冬”技能施放时，将额外触发该效果）,0,伤害|属性抗衰,empty:0|0.20/0.0/0.0/0.0/0.0/0.0/0.0:1@0.25/0.0/0.0/0.0/0.0/0.0/0.0:1@0.25/0.0/0.0/0.0/0.0/0.0/0.0:2@0.3/0.0/0.0/0.0/0.0/0.0/0.0:2@0.35/0.0/0.0/0.0/0.0/0.0/0.0:2,empty|element_resistance,2.5:2.58:2.66:1.74:2.82,single,Break_out,fire

xfe_breakout_2,碧之律,音律,,12,xfe_breakout_2_img,120.0,10,1.0,为友方全体恢复20点能量，并随机驱散1个减益状态或控制效果。（在“芬布尔之冬”技能施放时，将额外触发该效果）|为友方全体恢复25点能量，并随机驱散1个减益状态或控制效果。（在“芬布尔之冬”技能施放时，将额外触发该效果）|为友方全体恢复25点能量，并随机驱散1个减益状态或控制效果，同时清除所有的元素附着。（在“芬布尔之冬”技能施放时，将额外触发该效果）|为友方全体恢复25点能量，并随机驱散2个减益状态或控制效果，同时清除所有的元素附着。（在“芬布尔之冬”技能施放时，将额外触发该效果）|为友方全体恢复30点能量，并随机驱散2个减益状态或控制效果，同时清除所有的元素附着。（在“芬布尔之冬”技能施放时，将额外触发该效果）,0,充能|驱散,20:0@25:0@25:0@25:0@30:0|1:0@1:0@1:0@2:0@2:0,mp|empty,0.0,ally,Break_out,

xfe_breakout_3,翠之律,音律,,36,xfe_breakout_3_img,120.0,10,1.0,为友方全体追加治疗攻击35%的生命，并提升40点防御，持续2回合。（在“芬布尔之冬”技能施放时，将额外触发该效果）|为友方全体追加治疗攻击40%的生命，并提升60点防御，持续2回合。（在“芬布尔之冬”技能施放时，将额外触发该效果）|为友方全体追加治疗攻击45%的生命，并提升80点防御，持续2回合。（在“芬布尔之冬”技能施放时，将额外触发该效果）|为友方全体追加治疗攻击50%的生命，并提升100点防御，持续2回合。（在“芬布尔之冬”技能施放时，将额外触发该效果）|为友方全体追加治疗攻击55%的生命，并提升120点防御，持续2回合。（在“芬布尔之冬”技能施放时，将额外触发该效果）,0,治疗|精防,0.35:0@0.4:0@0.45:0@0.5:0@0.55:0|40:2@60:2@80:2@100:2@120:2,base_attack|defance,0.0,ally,Break_out,

xfe_breakout_4,霞之律,音律,,47,xfe_breakout_4_img,120.0,10,1.0,使友方全体增加10%行动条，并提升10%暴击率，持续2回合。（在“芬布尔之冬”技能施放时，将额外触发该效果）|使友方全体增加20%行动条，并提升15%暴击率，持续2回合。（在“芬布尔之冬”技能施放时，将额外触发该效果）|使友方全体增加30%行动条，并提升20%暴击率，持续2回合。（在“芬布尔之冬”技能施放时，将额外触发该效果）|使友方全体增加40%行动条，并提升25%暴击率，持续2回合。（在“芬布尔之冬”技能施放时，将额外触发该效果）|使友方全体增加50%行动条，并提升30%暴击率，持续2回合。（在“芬布尔之冬”技能施放时，将额外触发该效果）,0,拉条|强袭,0.1:0@0.2:0@0.3:0@0.4:0@0.5:0|0.1/0.0:2@0.15/0.0:2@0.2/0.0:2@0.25/0.0:2@0.3/0.0:2,order|critical,0.0,ally,Break_out,

xfe_breakout_5,绯之律,音律,,38,xfe_breakout_5_img,120.0,10,1.0,对敌方全体造成攻击153%火元素伤害。（在“芬布尔之冬”技能施放时，将额外触发该效果）|对敌方全体造成攻击166%火元素伤害。（在“芬布尔之冬”技能施放时，将额外触发该效果）|对敌方全体造成攻击179%火元素伤害。（在“芬布尔之冬”技能施放时，将额外触发该效果）|对敌方全体造成攻击192%火元素伤害。（在“芬布尔之冬”技能施放时，将额外触发该效果）|对敌方全体造成攻击215%火元素伤害。（在“芬布尔之冬”技能施放时，将额外触发该效果）,0,伤害,empty:0,empty,1.53:1.66:1.79:1.92:2.15,AOE,Break_out,fire:fire:fire:fire:fire

xz_combat,预见良缘,预见良缘,,47,xz_combat_img,100.0,17,1.2,随机复活一名阵亡的友方目标，并为其恢复生命上限15%的生命并恢复10点能量。|随机复活一名阵亡的友方目标，并为其恢复生命上限25%的生命并恢复20点能量。|随机复活一名阵亡的友方目标，并为其恢复生命上限35%的生命并恢复30点能量。|随机复活一名阵亡的友方目标，并为其恢复生命上限45%的生命并恢复40点能量。|随机复活一名阵亡的友方目标，并为其恢复生命上限55%的生命并恢复50点能量。,-65,复苏,empty:0,empty,0.0,special,Combat_skills,

xz_passive,悉心呵护,,,0,,0.0,0,1.0,附带了“心”状态的友方单位在回合结束时恢复“青木翔子”生命上限8%的生命值。|附带了“心”状态的友方单位在回合结束时恢复“青木翔子”生命上限8%的生命值，并额外获得30%效果抵抗，持续1回合。|附带了“心”状态的友方单位在回合结束时恢复“青木翔子”生命上限8%的生命值，并额外获得30%效果抵抗和10点速度，持续1回合。|附带了“心”状态的友方单位在回合结束时恢复“青木翔子”生命上限12%的生命值，并额外获得30%效果抵抗和20点速度，持续1回合。|施放“预见良缘”成功复活友方单位时，为我方场上所有角色恢复30%生命上限的生命值。附带了“心”状态的友方单位在回合结束时恢复“青木翔子”生命上限12%的生命值，并额外获得30%效果抵抗和20点速度，持续1回合。,0,恢复|抗效|加速,0.3:0|0.3:1|10:1,max_hp|effect_resistance|speed,0.0,ally,Passive,

xz_breakout,共感,共感,,47,xz_breakout_img,90.0,23,1.0,用温柔的结界包裹队友，为我方场上全体角色附加“心”，持续2回合。期间任一附加了“心”的单位受到伤害时，将平均分担给其他同样拥有此印记的友方。（分担的伤害视为间接伤害，且不超过其生命值上限的10%）|用温柔的结界包裹队友，为我方场上全体角色附加“心”，持续2回合。期间任一附加了“心”的单位受到伤害时，将平均分担给其他同样拥有此印记的友方。（分担的伤害视为间接伤害，且不超过其生命值上限的13%）|用温柔的结界包裹队友，为我方场上全体角色附加“心”，持续2回合。期间任一附加了“心”的单位受到伤害时，将平均分担给其他同样拥有此印记的友方。（分担的伤害视为间接伤害，且不超过其生命值上限的16%）|用温柔的结界包裹队友，为我方场上全体角色附加“心”，持续2回合。期间任一附加了“心”的单位受到伤害时，将平均分担给其他同样拥有此印记的友方。（分担的伤害视为间接伤害，且不超过其生命值上限的19%）|用温柔的结界包裹队友，为我方场上全体角色附加“心”，持续2回合。期间任一附加了“心”的单位受到伤害时，将平均分担给其他同样拥有此印记的友方。（分担的伤害视为间接伤害，且不超过其生命值上限的22%）,-45,特殊,empty:0,empty,0.0,ally,Break_out,

ycxt_combat,灵能风暴,灵能风暴,,47,ycxt_combat_img,120.0,25,1.0,召唤暴风雪攻击敌方全体3次，每次造成攻击30%冰元素伤害，并有8%基础概率将其“冰冻”1回合，若敌方带有“减速”效果则基础概率提升至15%。|召唤暴风雪攻击敌方全体3次，每次造成攻击33%冰元素伤害，并有8%基础概率将其“冰冻”1回合，若敌方带有“减速”效果则基础概率提升至15%。|召唤暴风雪攻击敌方全体3次，每次造成攻击33%冰元素伤害，并有8%基础概率将其“冰冻”1回合，若敌方带有“减速”效果则基础概率提升至15%。另外使目标减速10点持续2回合。|召唤暴风雪攻击敌方全体3次，每次造成攻击36%冰元素伤害，并有8%基础概率将其“冰冻”1回合，若敌方带有“减速”效果则基础概率提升至15%。另外使目标减速10点持续2回合。|召唤暴风雪攻击敌方全体3次，每次造成攻击36%冰元素伤害，并有8%基础概率将其“冰冻”1回合，若敌方带有“减速”效果则基础概率提升至15%。另外使目标减速10点持续2回合。对已处于“冰冻”状态下的角色有30%概率转换为“深度冰冻”。,-45,伤害|冻结|减速,empty:0|0.08/0.08/0.08:1@0.08/0.08/0.08:1@0.08/0.08/0.08:1@0.08/0.08/0.08:1@0.08/0.08/0.08:1|0:2@0:2@10:2@10:2@10:2,empty|empty,0.3:0.33:0.33:0.36:0.36|0.3:0.33:0.33:0.36:0.36|0.3:0.33:0.33:0.36:0.36,AOE,Combat_skills,ice:ice:ice:ice:ice|ice:ice:ice:ice:ice|ice:ice:ice:ice:ice

ycxt_passive,波纹裂隙,,,47,,0.0,0,1.0,【先机】所有友方单位立刻恢复20点能量。激发不稳定的暴走之力包裹自身，在回合结束时若自身处于无护盾加持状态，则有20%固定概率获得一层能吸收6%生命上限伤害的冰元素护盾，持续1回合。|【先机】所有友方单位立刻恢复20点能量。激发不稳定的暴走之力包裹自身，在回合结束时若自身处于无护盾加持状态，则有20%固定概率获得一层能吸收8%生命上限伤害的冰元素护盾，持续1回合。|【先机】所有友方单位立刻恢复20点能量。激发不稳定的暴走之力包裹自身，在回合结束时若自身处于无护盾加持状态，则有25%固定概率获得一层能吸收8%生命上限伤害的冰元素护盾，持续1回合。|【先机】所有友方单位立刻恢复20点能量。激发不稳定的暴走之力包裹自身，在回合结束时若自身处于无护盾加持状态，则有25%固定概率获得一层能吸收10%生命上限伤害的冰元素护盾，持续1回合。|【先机】所有友方单位立刻恢复20点能量。激发不稳定的暴走之力包裹自身，在回合结束时若自身处于无护盾加持状态，则有30%固定概率获得一层能吸收10%生命上限伤害的冰元素护盾，持续1回合。,0,护盾,0.06:1@0.08:1@0.08:1@0.1:1@0.1:1,max_hp,0.0,self,Passive,ice

ycxt_passive_1,波纹裂隙,,,47,,0.0,0,1.0,冰盾护体|冰盾护体|冰盾护体|冰盾护体|冰盾护体,0,护盾,0.06:1@0.08:1@0.08:1@0.1:1@0.1:1,max_hp,0.0,self,Passive,ice

ycxt_breakout,视线诱导,视线诱导,,47,ycxt_breakout_img,90.0,19,1.2,牺牲30%当前生命，我方场上全体友方单位获得30点能量。|牺牲30%当前生命，我方场上全体友方单位获得30点能量并提升其10%攻击，持续2回合。|牺牲25%当前生命，我方场上全体友方单位获得30点能量并提升其15%攻击，持续2回合。|牺牲20%当前生命，我方场上全体友方单位获得30点能量并提升其15%攻击，持续2回合。|牺牲15%当前生命，我方场上全体友方单位获得30点能量并提升其20%攻击，持续2回合。,0,充能|强攻,30:0@30:0@30:0@30:0@30:0|0.0:2@0.1:2@0.15:2@0.15:2@20:2,empty|extend_attack,0.0,ally,Break_out,

yj_combat,流流舞,流流舞,,47,yj_combat_img,140.0,22,1.2,用灵能凝聚波涛汹涌的巨浪席卷敌方全体，攻击3次，每次造成攻击53%水元素伤害。|用灵能凝聚波涛汹涌的巨浪席卷敌方全体，攻击3次，每次造成攻击56%水元素伤害。|用灵能凝聚波涛汹涌的巨浪席卷敌方全体，攻击3次，每次造成攻击59%水元素伤害。|用灵能凝聚波涛汹涌的巨浪席卷敌方全体，攻击3次，每次造成攻击62%水元素伤害。|用灵能凝聚波涛汹涌的巨浪席卷敌方全体，攻击3次，每次造成攻击65%水元素伤害。,-40,伤害,empty:0,empty,0.53:0.56:0.59:0.62:0.65|0.53:0.56:0.59:0.62:0.65|0.53:0.56:0.59:0.62:0.65,AOE,Combat_skills,water:water:water:water:water|water:water:water:water:water|water:water:water:water:water

yj_passive,祝福涓流,,,47,,0.0,0,1.0,使用“流流舞”造成伤害时，每次为生命比例最低的友方角色治疗该次伤害60%的生命，同时有8%固定概率降低对方20%效果命中和效果抵抗，持续2回合。|使用“流流舞”造成伤害时，每次为生命比例最低的友方角色治疗该次伤害70%的生命，同时有10%固定概率降低对方20%效果命中和效果抵抗，持续2回合。|使用“流流舞”造成伤害时，每次为生命比例最低的友方角色治疗该次伤害80%的生命，同时有12%固定概率降低对方20%效果命中和效果抵抗，持续2回合。|使用“流流舞”造成伤害时，每次为生命比例最低的友方角色治疗该次伤害90%的生命，同时有14%固定概率降低对方20%效果命中和效果抵抗，持续2回合。|使用“流流舞”造成伤害时，每次为生命比例最低的友方角色治疗该次伤害100%的生命，同时有16%固定概率降低对方20%效果命中和效果抵抗，持续2回合。,0,治疗|减益,0.6:0@0.7:0@0.8:0@0.9:0@1.0:0|0.2:2@0.2:2@0.2:2@0.2:2@0.2:2,damage|empty,0.0,single_ally,Passive,

yj_breakout,思维透视,思维透视,,47,yj_breakout_img,90.0,20,1.2,使我方全体增加50%行动条。若该角色处于“无法行动”状态则改为解除其控制状态，且立刻为其恢复20%生命值。|使我方全体增加55%行动条。若该角色处于“无法行动”状态则改为解除其控制状态，且立刻为其恢复25%生命值并增加10点速度持续1回合。|使我方全体增加60%行动条。若该角色处于“无法行动”状态则改为解除其控制状态，且立刻为其恢复30%生命值并增加15点速度持续1回合。|使我方全体增加65%行动条。若该角色处于“无法行动”状态则改为解除其控制状态，且立刻为其恢复35%生命值并增加20点速度持续1回合。|使我方全体增加70%行动条。若该角色处于“无法行动”状态则改为解除其控制状态，且立刻为其恢复40%生命值并增加20点速度持续1回合。,-45,拉条|恢复|增益,0.5:0@0.55:0@0.6:0@0.65:0@0.7:0|empty:0|empty:0,order|empty|empty,0.0,ally,Break_out,